<?xml version="1.0" encoding="UTF-8"?><?xml-stylesheet type='text/xsl' href='_UpgradeReport_Files/UpgradeReport.xslt'?><UpgradeLog>
<Properties><Property Name="Solution" Value="drugsample">
</Property><Property Name="Solution File" Value="D:\drug\drugsample.sln">
</Property><Property Name="Date" Value="Wednesday, March 14, 2007">
</Property><Property Name="Time" Value="10:35:04 AM">
</Property></Properties><Event ErrorLevel="1" Project="drugsample.csproj" Source=" drugsample.csproj:(Warning List)" Description="Warning: This web project was converted as a file-based web application. If your site contained any IIS meta-information, e.g. sub-folders marked as virtual directories, it is recommended that you close this web site and re-open it using the Open Web Site command and selecting the Local IIS tab.&#xA;">
</Event><Event ErrorLevel="0" Project="drugsample.csproj" Source="drugsample.csproj" Description="Converted.&#xA;There may be some unresolved conversion issues you will need to manually fix. For more information, please refer to http://go.microsoft.com/fwlink/?LinkId=46995 or search for the help topic &quot;Converting from Visual Studio .NET 2002 or 2003&quot;.">
</Event><Event ErrorLevel="3" Project="drugsample.csproj" Source="drugsample.csproj" Description="Converted">
</Event></UpgradeLog>